geneset	gene
GS1235	24245
GS1235	24329
GS1235	24520
GS1235	24525
GS1235	29482
GS1235	24791
GS1235	29227
GS1235	65162
GS1235	59329
GS1235	84353
GS1235	116663
GS1235	192154
GS1235	83572
GS1235	171136
GS1235	78975
GS1235	64033
GS1235	64561
GS1235	114090
GS1235	114520
GS1235	171137
GS1235	84009
GS1235	260323
GS1235	266759
GS1235	291023
GS1235	287005
GS1235	314553
GS1235	360764
GS1235	296374
GS1235	361845
GS1235	691919
GS135215	25450
GS135215	25451
GS135215	24922
GS135215	24379
GS135215	24380
GS135215	24398
GS135215	29705
GS135215	289606
GS135215	29707
GS135215	58974
GS135215	29709
GS135215	64845
GS135215	83633
GS135215	79212
GS135215	114590
GS135215	81632
GS135215	83612
GS135215	81657
GS135215	60355
GS135215	140675
GS135215	140674
GS135215	79211
GS135215	79213
GS135215	301081
GS135215	315655
GS14885	25287
GS14885	24159
GS14885	24167
GS14885	24242
GS14885	24334
GS14885	25464
GS14885	25700
GS14885	25626
GS14885	24577
GS14885	25497
GS14885	24638
GS14885	25344
GS14885	29192
GS14885	24924
GS14885	29545
GS14885	65160
GS14885	29752
GS14885	29473
GS14885	29423
GS14885	59073
GS14885	29717
GS14885	81780
GS14885	83709
GS14885	83506
GS14885	64511
GS14885	114766
GS14885	83624
GS14885	64196
GS14885	113975
GS14885	81783
GS14885	81785
GS14885	81521
GS14885	81800
GS14885	59324
GS14885	116673
GS14885	64561
GS14885	83529
GS14885	64635
GS14885	54410
GS14885	295230
GS14885	407760
GS14885	299638
GS14885	305935
GS14885	307503
GS14885	363272
GS14885	314711
GS14885	297406
GS14885	298298
GS14885	290370
GS14885	315600
GS14885	301555
GS14885	298381
GS14885	297748
GS14885	303369
GS14885	315423
GS14885	362837
GS14885	291609
GS14885	309969
GS14885	293508
GS14885	303592
GS14885	361096
GS14885	288669
GS14885	295588
GS14885	363469
GS14885	501653
GS14885	309292
GS14914	25368
GS14914	29223
GS14914	25291
GS14914	24239
GS14914	25050
GS14914	25406
GS14914	24936
GS14914	25250
GS14914	25195
GS14914	24422
GS14914	24477
GS14914	24481
GS14914	29596
GS14914	25663
GS14914	24511
GS14914	24518
GS14914	24560
GS14914	24583
GS14914	25745
GS14914	25054
GS14914	24747
GS14914	24737
GS14914	24770
GS14914	24787
GS14914	25358
GS14914	29595
GS14914	58823
GS14914	29709
GS14914	59075
GS14914	29251
GS14914	29647
GS14914	64354
GS14914	65129
GS14914	29717
GS14914	114862
GS14914	29349
GS14914	64532
GS14914	81663
GS14914	65032
GS14914	140669
GS14914	83569
GS14914	170897
GS14914	84586
GS14914	171518
GS14914	192213
GS14914	114481
GS14914	171522
GS14914	81666
GS14914	25485
GS14914	60327
GS14914	114509
GS14914	64199
GS14914	114517
GS14914	171571
GS14914	64803
GS14914	246142
GS14914	140725
GS14914	300115
GS14914	306945
GS14914	363243
GS14914	690894
GS14914	315762
GS14914	310178
GS14914	289287
GS14914	360959
GS14914	314384
GS14914	299012
GS14914	308777
GS14914	363118
GS14914	300721
GS14914	296456
GS14914	304887
GS14914	292794
GS14914	304546
GS14914	362799
GS14914	494500
GS14915	29131
GS14915	24329
GS14915	24409
GS14915	24413
GS14915	24518
GS14915	29627
GS14915	29629
GS14915	54323
GS14915	29628
GS14915	300652
GS14915	114090
GS14915	360681
GS14915	690661
GS14927	81529
GS14927	64120
GS14927	83824
GS14927	252963
GS14927	361791
GS14927	307452
GS14927	314214
GS14927	310745
GS14928	24318
GS14928	24415
GS14928	29606
GS14928	29644
GS14928	29361
GS14928	24864
GS14928	84046
GS14928	117552
GS14928	140722
GS14928	83516
GS14928	171394
GS14928	140926
GS14928	25485
GS14928	81657
GS14928	84386
GS14928	308458
GS14928	316091
GS14928	303008
GS14928	315702
GS14928	306349
GS14928	315218
GS14928	308336
GS14928	293507
GS14928	314457
GS14928	315746
GS14928	316533
GS14928	299269
GS14928	309169
GS14929	24180
GS14929	24186
GS14929	25378
GS14929	24223
GS14929	24888
GS14929	25399
GS14929	24245
GS14929	25050
GS14929	25621
GS14929	24252
GS14929	24255
GS14929	25412
GS14929	25307
GS14929	500892
GS14929	25113
GS14929	24356
GS14929	25450
GS14929	25451
GS14929	24379
GS14929	24957
GS14929	24414
GS14929	25689
GS14929	24511
GS14929	29409
GS14929	29456
GS14929	25489
GS14929	25492
GS14929	25493
GS14929	25497
GS14929	25499
GS14929	25204
GS14929	24943
GS14929	24680
GS14929	24689
GS14929	25614
GS14929	360406
GS14929	24718
GS14929	25348
GS14929	25742
GS14929	29521
GS14929	24771
GS14929	25545
GS14929	25547
GS14929	24778
GS14929	25551
GS14929	25548
GS14929	25033
GS14929	29734
GS14929	498545
GS14929	25361
GS14929	29595
GS14929	29292
GS14929	56820
GS14929	58814
GS14929	60565
GS14929	29227
GS14929	58822
GS14929	29288
GS14929	64014
GS14929	58942
GS14929	84484
GS14929	140666
GS14929	29682
GS14929	83824
GS14929	84389
GS14929	298657
GS14929	81634
GS14929	85497
GS14929	114612
GS14929	84027
GS14929	81635
GS14929	117559
GS14929	117183
GS14929	84407
GS14929	246284
GS14929	50622
GS14929	192228
GS14929	170913
GS14929	84556
GS14929	114765
GS14929	81823
GS14929	64625
GS14929	116508
GS14929	170924
GS14929	60447
GS14929	81745
GS14929	363425
GS14929	252942
GS14929	60430
GS14929	192179
GS14929	64018
GS14929	117269
GS14929	84479
GS14929	81666
GS14929	114100
GS14929	117279
GS14929	89824
GS14929	64562
GS14929	117281
GS14929	60323
GS14929	78957
GS14929	64037
GS14929	171394
GS14929	83792
GS14929	84360
GS14929	170636
GS14929	29598
GS14929	29600
GS14929	140925
GS14929	79250
GS14929	60666
GS14929	89826
GS14929	117018
GS14929	84429
GS14929	29384
GS14929	65277
GS14929	66022
GS14929	117557
GS14929	60331
GS14929	171435
GS14929	94188
GS14929	89812
GS14929	84403
GS14929	259274
GS14929	246771
GS14929	317646
GS14929	29546
GS14929	171093
GS14929	246136
GS14929	50685
GS14929	266764
GS14929	306243
GS14929	305886
GS14929	291023
GS14929	296229
GS14929	170955
GS14929	294708
GS14929	310444
GS14929	308923
GS14929	408217
GS14929	315608
GS14929	295490
GS14929	300993
GS14929	363288
GS14929	296182
GS14929	363249
GS14929	360792
GS14929	301737
GS14929	303396
GS14929	310062
GS14929	292683
GS14929	361202
GS14929	361816
GS14929	361212
GS14929	306748
GS14929	310159
GS14929	307644
GS14929	299114
GS14929	361757
GS14929	297066
GS14929	304951
GS14929	287944
GS14929	314442
GS14929	299211
GS14929	306600
GS14929	311456
GS14929	298765
GS14929	310785
GS14929	309259
GS14929	311670
GS14929	362715
GS14929	305351
GS14929	303369
GS14929	313231
GS14929	287447
GS14929	366532
GS14929	293508
GS14929	361285
GS14929	313917
GS14929	361169
GS14929	299569
GS14929	313843
GS14929	293677
GS14929	362431
GS14929	498407
GS14929	317241
GS14929	499356
GS14929	302983
GS14929	497198
GS14929	652957
GS14929	652929
GS14930	24153
GS14930	24159
GS14930	25244
GS14930	309628
GS14930	24239
GS14930	24246
GS14930	25403
GS14930	25406
GS14930	24264
GS14930	25620
GS14930	25254
GS14930	25024
GS14930	25655
GS14930	24420
GS14930	25151
GS14930	25466
GS14930	29510
GS14930	25516
GS14930	25023
GS14930	24968
GS14930	25269
GS14930	309622
GS14930	29362
GS14930	29591
GS14930	25565
GS14930	29737
GS14930	56820
GS14930	58853
GS14930	81613
GS14930	29272
GS14930	79431
GS14930	140666
GS14930	360272
GS14930	114246
GS14930	64508
GS14930	116697
GS14930	29177
GS14930	59109
GS14930	79558
GS14930	64023
GS14930	116681
GS14930	170668
GS14930	116465
GS14930	64018
GS14930	29547
GS14930	83581
GS14930	171109
GS14930	83505
GS14930	114856
GS14930	64544
GS14930	50645
GS14930	50864
GS14930	81803
GS14930	79124
GS14930	81747
GS14930	64862
GS14930	140608
GS14930	60666
GS14930	291133
GS14930	83684
GS14930	94196
GS14930	81657
GS14930	114090
GS14930	81813
GS14930	83514
GS14930	64803
GS14930	116669
GS14930	246245
GS14930	286994
GS14930	282817
GS14930	286932
GS14930	29546
GS14930	289211
GS14930	313210
GS14930	306243
GS14930	171552
GS14930	289372
GS14930	293451
GS14930	293854
GS14930	688705
GS14930	310935
GS14930	361084
GS14930	406196
GS14930	287367
GS14930	308291
GS14930	306860
GS14930	304709
GS14930	312647
GS14930	293783
GS14930	296655
GS14930	292008
GS14930	361628
GS14930	362456
GS14930	295669
GS14930	312275
GS14930	291044
GS14930	289076
GS14930	306014
GS14930	304917
GS14930	293654
GS14930	310801
GS14930	296350
GS14930	297480
GS14930	298982
GS14930	308708
GS14930	293997
GS14930	360772
GS14930	299357
GS14930	360629
GS14930	306253
GS14930	306586
GS14930	292892
GS14930	311191
GS14930	303242
GS14930	293847
GS14930	641528
GS14945	25288
GS14945	24179
GS14945	498549
GS14945	24192
GS14945	25095
GS14945	25612
GS14945	29619
GS14945	24248
GS14945	25145
GS14945	24259
GS14945	25420
GS14945	25319
GS14945	24387
GS14945	25165
GS14945	24534
GS14945	25211
GS14945	24587
GS14945	309622
GS14945	25541
GS14945	25357
GS14945	29672
GS14945	29562
GS14945	83526
GS14945	83465
GS14945	65047
GS14945	81643
GS14945	155918
GS14945	24644
GS14945	114901
GS14945	116967
GS14945	114108
GS14945	81921
GS14945	60460
GS14945	64514
GS14945	171026
GS14945	81740
GS14945	64198
GS14945	83834
GS14945	266777
GS14945	297508
GS14945	301255
GS14945	114017
GS14945	295365
GS14945	362418
GS14945	24750
GS14946	25383
GS14946	24223
GS14946	25661
GS14946	25675
GS14946	25589
GS14946	24737
GS14946	497770
GS14946	58835
GS14946	114858
GS14946	64462
GS14946	685781
GS14946	83789
GS14946	79114
GS14946	60442
GS14946	59319
GS14946	114507
GS14946	308923
GS14946	308993
GS14946	361813
GS14946	300850
GS14947	25288
GS14947	24179
GS14947	498549
GS14947	24192
GS14947	25095
GS14947	25612
GS14947	29619
GS14947	24248
GS14947	25145
GS14947	24259
GS14947	25420
GS14947	25319
GS14947	24387
GS14947	25165
GS14947	24534
GS14947	25211
GS14947	24587
GS14947	309622
GS14947	25541
GS14947	25357
GS14947	29672
GS14947	58844
GS14947	29139
GS14947	29562
GS14947	83526
GS14947	83465
GS14947	65047
GS14947	81643
GS14947	155918
GS14947	24644
GS14947	114901
GS14947	116967
GS14947	114108
GS14947	81921
GS14947	60460
GS14947	64514
GS14947	171026
GS14947	81740
GS14947	64198
GS14947	83834
GS14947	266777
GS14947	297508
GS14947	301255
GS14947	114017
GS14947	308923
GS14947	295365
GS14947	362418
GS14947	24750
GS14948	25383
GS14948	24223
GS14948	25402
GS14948	25661
GS14948	25675
GS14948	25589
GS14948	24914
GS14948	25520
GS14948	497770
GS14948	25123
GS14948	60423
GS14948	29432
GS14948	58835
GS14948	59073
GS14948	114858
GS14948	64462
GS14948	117042
GS14948	685781
GS14948	83789
GS14948	79114
GS14948	64633
GS14948	60442
GS14948	59319
GS14948	114507
GS14948	308923
GS14948	308993
GS14948	361813
GS14948	300850
GS14948	316051
GS18838	29711
GS18838	29154
GS18838	25729
GS18838	54236
GS18838	24251
GS18838	24264
GS18838	25261
GS18838	25488
GS18838	25069
GS18838	54315
GS18838	29558
GS18838	29143
GS18838	59076
GS18838	59296
GS18838	79563
GS18838	140657
GS18838	83764
GS18838	81738
GS18838	117042
GS18838	365398
GS18838	114517
GS18838	259273
GS18838	338401
GS18838	361745
GS18838	290408
GS18838	290046
GS18838	360579
GS18838	301514
GS18838	295347
GS18838	301529
GS18838	103691072
GS18840	25230
GS18840	24189
GS18840	25239
GS18840	24223
GS18840	29156
GS18840	25621
GS18840	25275
GS18840	25282
GS18840	24400
GS18840	25058
GS18840	25179
GS18840	25328
GS18840	29332
GS18840	50689
GS18840	24908
GS18840	25545
GS18840	25550
GS18840	24804
GS18840	25576
GS18840	29411
GS18840	29167
GS18840	29276
GS18840	29271
GS18840	58971
GS18840	140694
GS18840	81504
GS18840	83809
GS18840	94270
GS18840	81741
GS18840	114124
GS18840	50993
GS18840	245981
GS18840	64298
GS18840	81747
GS18840	64310
GS18840	83801
GS18840	83834
GS18840	64303
GS18840	282819
GS18840	259242
GS18840	296658
GS216158	25288
GS216158	24186
GS216158	25698
GS216158	497840
GS216158	24962
GS216158	24399
GS216158	29318
GS216158	79219
GS216158	64120
GS216158	29539
GS216158	117254
GS216158	59108
GS216158	64001
GS216158	310218
GS216158	450225
GS216158	100134871
GS246645	24180
GS246645	25028
GS246645	25292
GS246645	24232
GS246645	24249
GS246645	25406
GS246645	50566
GS246645	29277
GS246645	25633
GS246645	25194
GS246645	24418
GS246645	24464
GS246645	24484
GS246645	24495
GS246645	25262
GS246645	24530
GS246645	25157
GS246645	24674
GS246645	25725
GS246645	25023
GS246645	25527
GS246645	309622
GS246645	25703
GS246645	25616
GS246645	25542
GS246645	50683
GS246645	24796
GS246645	24825
GS246645	24856
GS246645	301348
GS246645	29737
GS246645	58979
GS246645	29588
GS246645	63885
GS246645	170546
GS246645	81780
GS246645	65193
GS246645	78956
GS246645	113902
GS246645	117095
GS246645	83842
GS246645	81661
GS246645	64536
GS246645	64532
GS246645	116724
GS246645	84472
GS246645	192228
GS246645	59085
GS246645	84400
GS246645	252962
GS246645	81523
GS246645	64551
GS246645	170635
GS246645	58812
GS246645	114028
GS246645	81511
GS246645	171447
GS246645	81682
GS246645	171519
GS246645	192362
GS246645	192227
GS246645	171564
GS246645	170751
GS246645	246327
GS246645	171549
GS246645	171351
GS246645	299757
GS246645	60418
GS246645	171099
GS246645	266735
GS246645	252922
GS246645	50664
GS246645	246298
GS246645	286918
GS246645	282580
GS246645	291103
GS246645	282829
GS246645	266713
GS246645	246323
GS246645	81816
GS246645	81827
GS246645	246273
GS246645	56825
GS246645	290985
GS246645	378794
GS246645	117140
GS246645	297645
GS246645	252855
GS246645	294973
GS246645	310327
GS246645	293180
GS246645	360903
GS246645	361873
GS246645	311551
GS246645	362284
GS246645	444983
GS246645	362039
GS246645	315761
GS246645	311311
GS246645	295669
GS246645	316153
GS246645	362455
GS246645	314196
GS246645	296284
GS246645	310694
GS246645	301016
GS246645	362132
GS246645	293654
GS246645	292699
GS246645	290533
GS246645	293624
GS246645	304407
GS246645	309887
GS246645	306687
GS246645	363872
GS246645	314459
GS246645	297480
GS246645	308993
GS246645	306157
GS246645	291848
GS246645	360866
GS246645	310787
GS246645	306534
GS246645	361037
GS246645	300763
GS246645	316351
GS246645	301309
GS246645	303214
GS246645	310218
GS246645	305354
GS246645	362113
GS246645	309070
GS246645	361845
GS246645	364378
GS246645	306141
GS246645	309139
GS246645	295863
GS246645	289241
GS246645	293794
GS246645	366116
GS246645	362430
GS246645	361099
GS246645	304807
GS246645	307414
GS246645	362626
GS246645	363337
GS246645	450230
GS246645	360910
GS246645	361171
GS246645	307660
GS246645	306805
GS246645	301155
GS246645	291844
GS246645	499322
GS246645	288006
GS246645	310670
GS246645	299027
GS246645	499882
GS246645	304530
GS246645	498486
GS246645	363781
GS246645	302711
GS246645	360692
GS246645	315163
GS246645	308990
GS246645	497891
GS246645	502225
GS246645	290300
GS246645	291444
GS246645	500300
GS246645	307989
GS246645	688628
GS246645	680448
GS246645	499110
GS246645	363153
GS246645	689161
GS246645	100365921
GS246645	100359680
GS246645	100911379
GS246646	25028
GS246646	25292
GS246646	24464
GS246646	25662
GS246646	24536
GS246646	25603
GS246646	25478
GS246646	25332
GS246646	252924
GS246646	24618
GS246646	25741
GS246646	25031
GS246646	309622
GS246646	24737
GS246646	25703
GS246646	25546
GS246646	24848
GS246646	25569
GS246646	29465
GS246646	29393
GS246646	58965
GS246646	29689
GS246646	64443
GS246646	170538
GS246646	65129
GS246646	29237
GS246646	85426
GS246646	78956
GS246646	170496
GS246646	83842
GS246646	64347
GS246646	79110
GS246646	117130
GS246646	84588
GS246646	116724
GS246646	84472
GS246646	84493
GS246646	64507
GS246646	192228
GS246646	59109
GS246646	81512
GS246646	81707
GS246646	84012
GS246646	245955
GS246646	81510
GS246646	171058
GS246646	81776
GS246646	192227
GS246646	171564
GS246646	170751
GS246646	246327
GS246646	171549
GS246646	113892
GS246646	140675
GS246646	116557
GS246646	60418
GS246646	171339
GS246646	252922
GS246646	246253
GS246646	246298
GS246646	286918
GS246646	282580
GS246646	291103
GS246646	282829
GS246646	266803
GS246646	312495
GS246646	246172
GS246646	81827
GS246646	171161
GS246646	312086
GS246646	444983
GS246646	361795
GS246646	289780
GS246646	291463
GS246646	303874
GS246646	362039
GS246646	294806
GS246646	292311
GS246646	307757
GS246646	366366
GS246646	362455
GS246646	291091
GS246646	363144
GS246646	312566
GS246646	361415
GS246646	362508
GS246646	311071
GS246646	297486
GS246646	294400
GS246646	304407
GS246646	306687
GS246646	314224
GS246646	294795
GS246646	288029
GS246646	306534
GS246646	361037
GS246646	304021
GS246646	300763
GS246646	361637
GS246646	303214
GS246646	361884
GS246646	308794
GS246646	361431
GS246646	363796
GS246646	305449
GS246646	289241
GS246646	293794
GS246646	295341
GS246646	361099
GS246646	304807
GS246646	293494
GS246646	301155
GS246646	291844
GS246646	499322
GS246646	499878
GS246646	293061
GS246646	498278
GS246646	307096
GS246646	360692
GS246646	499702
GS246646	296612
GS246646	301742
GS246646	679869
GS246646	619581
GS246646	304929
GS246646	654482
GS246646	58827
GS246646	689256
GS246646	685325
GS246646	309603
GS246646	689161
GS246646	100362279
GS246647	25287
GS246647	25240
GS246647	24216
GS246647	24232
GS246647	25194
GS246647	24464
GS246647	24737
GS246647	25703
GS246647	24796
GS246647	24825
GS246647	24856
GS246647	60422
GS246647	78956
GS246647	83842
GS246647	116724
GS246647	84472
GS246647	64507
GS246647	294853
GS246647	59085
GS246647	171100
GS246647	84024
GS246647	59109
GS246647	192270
GS246647	116831
GS246647	84398
GS246647	170751
GS246647	246327
GS246647	171351
GS246647	192253
GS246647	299757
GS246647	94341
GS246647	60418
GS246647	252922
GS246647	246298
GS246647	286918
GS246647	291103
GS246647	282829
GS246647	81827
GS246647	64027
GS246647	290985
GS246647	312086
GS246647	311551
GS246647	362039
GS246647	294806
GS246647	362455
GS246647	360605
GS246647	309440
GS246647	306687
GS246647	306534
GS246647	310392
GS246647	361037
GS246647	361637
GS246647	303214
GS246647	309070
GS246647	361845
GS246647	297738
GS246647	305449
GS246647	289241
GS246647	293794
GS246647	361099
GS246647	287167
GS246647	293494
GS246647	301155
GS246647	291844
GS246647	499322
GS246647	498572
GS246647	315163
GS246647	690161
GS246647	686081
GS246647	619581
GS246647	361619
GS246761	24153
GS246761	25288
GS246761	24159
GS246761	29290
GS246761	29412
GS246761	25372
GS246761	24180
GS246761	24184
GS246761	29223
GS246761	25233
GS246761	24186
GS246761	24203
GS246761	25380
GS246761	363256
GS246761	54225
GS246761	25292
GS246761	24208
GS246761	29221
GS246761	25243
GS246761	29403
GS246761	25612
GS246761	25698
GS246761	25389
GS246761	24211
GS246761	29693
GS246761	25391
GS246761	29725
GS246761	29592
GS246761	294257
GS246761	25644
GS246761	29618
GS246761	29619
GS246761	24230
GS246761	24232
GS246761	24236
GS246761	24237
GS246761	54231
GS246761	54232
GS246761	25398
GS246761	24246
GS246761	25050
GS246761	29144
GS246761	29153
GS246761	29154
GS246761	29209
GS246761	24248
GS246761	25298
GS246761	25706
GS246761	25145
GS246761	25668
GS246761	25407
GS246761	25409
GS246761	54238
GS246761	24260
GS246761	25590
GS246761	25302
GS246761	24264
GS246761	25275
GS246761	24268
GS246761	497840
GS246761	25756
GS246761	25414
GS246761	25417
GS246761	25420
GS246761	24962
GS246761	29277
GS246761	24307
GS246761	54248
GS246761	24309
GS246761	25311
GS246761	25666
GS246761	25253
GS246761	24318
GS246761	25195
GS246761	24329
GS246761	25129
GS246761	24336
GS246761	25317
GS246761	25318
GS246761	314322
GS246761	24947
GS246761	24380
GS246761	50577
GS246761	29234
GS246761	25159
GS246761	24387
GS246761	25454
GS246761	25235
GS246761	24392
GS246761	25674
GS246761	24397
GS246761	25456
GS246761	25139
GS246761	24896
GS246761	25236
GS246761	24406
GS246761	24410
GS246761	24411
GS246761	24412
GS246761	24414
GS246761	24416
GS246761	24417
GS246761	24418
GS246761	24423
GS246761	201097
GS246761	25723
GS246761	25605
GS246761	24443
GS246761	25675
GS246761	25231
GS246761	24464
GS246761	24472
GS246761	24473
GS246761	25187
GS246761	25324
GS246761	25585
GS246761	24482
GS246761	360622
GS246761	25285
GS246761	25724
GS246761	25262
GS246761	24516
GS246761	24517
GS246761	29416
GS246761	50599
GS246761	246332
GS246761	25626
GS246761	24530
GS246761	300438
GS246761	25329
GS246761	25055
GS246761	25157
GS246761	24914
GS246761	54267
GS246761	29409
GS246761	25263
GS246761	25152
GS246761	29456
GS246761	24546
GS246761	24547
GS246761	24908
GS246761	25684
GS246761	24553
GS246761	29582
GS246761	60427
GS246761	25037
GS246761	24558
GS246761	24560
GS246761	25482
GS246761	25483
GS246761	24575
GS246761	24582
GS246761	24587
GS246761	24588
GS246761	29204
GS246761	29458
GS246761	54276
GS246761	25495
GS246761	24598
GS246761	29492
GS246761	25339
GS246761	29358
GS246761	25340
GS246761	54278
GS246761	29613
GS246761	25601
GS246761	25041
GS246761	24615
GS246761	25507
GS246761	24616
GS246761	29433
GS246761	25508
GS246761	25509
GS246761	29700
GS246761	25204
GS246761	25121
GS246761	54281
GS246761	29691
GS246761	24648
GS246761	25692
GS246761	24943
GS246761	25702
GS246761	24669
GS246761	24679
GS246761	24681
GS246761	25523
GS246761	24684
GS246761	24688
GS246761	29245
GS246761	25526
GS246761	29644
GS246761	25269
GS246761	24703
GS246761	25703
GS246761	24718
GS246761	24716
GS246761	25106
GS246761	54297
GS246761	25348
GS246761	29304
GS246761	24765
GS246761	29686
GS246761	25349
GS246761	25665
GS246761	25122
GS246761	25216
GS246761	29751
GS246761	29360
GS246761	29517
GS246761	25546
GS246761	25197
GS246761	29501
GS246761	29482
GS246761	29483
GS246761	24784
GS246761	25123
GS246761	24787
GS246761	29361
GS246761	29366
GS246761	29211
GS246761	25353
GS246761	29230
GS246761	24950
GS246761	25033
GS246761	83783
GS246761	29398
GS246761	25559
GS246761	24949
GS246761	24806
GS246761	24808
GS246761	24807
GS246761	24825
GS246761	24827
GS246761	25085
GS246761	25357
GS246761	25570
GS246761	25571
GS246761	25232
GS246761	29545
GS246761	24861
GS246761	50555
GS246761	29402
GS246761	25624
GS246761	29169
GS246761	24882
GS246761	24916
GS246761	25579
GS246761	58959
GS246761	29543
GS246761	29595
GS246761	29662
GS246761	25136
GS246761	29393
GS246761	79246
GS246761	56759
GS246761	29367
GS246761	29738
GS246761	64356
GS246761	29580
GS246761	289606
GS246761	29707
GS246761	58979
GS246761	29708
GS246761	29629
GS246761	58844
GS246761	58853
GS246761	58949
GS246761	29689
GS246761	29307
GS246761	58852
GS246761	58868
GS246761	64155
GS246761	29584
GS246761	29383
GS246761	29503
GS246761	58946
GS246761	63840
GS246761	29712
GS246761	64537
GS246761	60395
GS246761	29531
GS246761	29251
GS246761	56011
GS246761	63845
GS246761	29363
GS246761	60565
GS246761	59267
GS246761	29227
GS246761	60341
GS246761	58917
GS246761	29248
GS246761	29190
GS246761	65172
GS246761	50677
GS246761	29659
GS246761	64358
GS246761	58840
GS246761	170538
GS246761	25043
GS246761	65191
GS246761	65197
GS246761	81529
GS246761	29741
GS246761	29485
GS246761	60349
GS246761	58968
GS246761	79220
GS246761	81717
GS246761	65135
GS246761	65180
GS246761	65198
GS246761	64442
GS246761	29256
GS246761	171112
GS246761	64119
GS246761	29717
GS246761	114862
GS246761	29237
GS246761	83791
GS246761	89813
GS246761	680130
GS246761	81524
GS246761	64626
GS246761	140666
GS246761	29682
GS246761	29660
GS246761	502317
GS246761	81718
GS246761	59312
GS246761	114093
GS246761	83833
GS246761	84050
GS246761	63837
GS246761	58971
GS246761	65047
GS246761	360272
GS246761	83467
GS246761	113965
GS246761	29496
GS246761	114709
GS246761	29509
GS246761	83839
GS246761	64865
GS246761	83781
GS246761	29375
GS246761	81574
GS246761	29372
GS246761	78956
GS246761	114104
GS246761	114513
GS246761	29335
GS246761	81530
GS246761	83820
GS246761	65154
GS246761	84018
GS246761	170837
GS246761	83616
GS246761	54404
GS246761	65199
GS246761	291948
GS246761	140638
GS246761	89833
GS246761	56266
GS246761	171341
GS246761	81821
GS246761	64681
GS246761	85251
GS246761	83689
GS246761	116657
GS246761	64045
GS246761	116740
GS246761	171287
GS246761	85309
GS246761	64157
GS246761	29637
GS246761	84027
GS246761	64347
GS246761	81663
GS246761	54702
GS246761	81008
GS246761	84032
GS246761	171049
GS246761	29254
GS246761	59266
GS246761	27150
GS246761	257634
GS246761	84588
GS246761	84406
GS246761	65192
GS246761	360302
GS246761	117556
GS246761	29643
GS246761	29181
GS246761	84407
GS246761	192248
GS246761	84493
GS246761	81830
GS246761	192109
GS246761	114557
GS246761	89811
GS246761	117043
GS246761	117542
GS246761	84495
GS246761	83567
GS246761	85249
GS246761	117549
GS246761	685781
GS246761	81672
GS246761	60590
GS246761	171083
GS246761	84551
GS246761	85270
GS246761	300652
GS246761	64192
GS246761	114587
GS246761	79237
GS246761	114122
GS246761	58982
GS246761	81677
GS246761	65034
GS246761	84420
GS246761	56765
GS246761	81805
GS246761	84556
GS246761	207119
GS246761	81645
GS246761	79240
GS246761	64371
GS246761	171375
GS246761	83574
GS246761	114630
GS246761	140592
GS246761	192172
GS246761	83506
GS246761	116638
GS246761	64618
GS246761	114490
GS246761	114491
GS246761	64394
GS246761	64076
GS246761	84031
GS246761	83623
GS246761	170632
GS246761	84488
GS246761	63851
GS246761	84409
GS246761	84574
GS246761	140447
GS246761	64023
GS246761	117186
GS246761	65040
GS246761	116681
GS246761	84400
GS246761	116720
GS246761	116676
GS246761	114115
GS246761	113995
GS246761	81642
GS246761	140910
GS246761	64559
GS246761	171044
GS246761	93667
GS246761	83572
GS246761	84012
GS246761	171123
GS246761	29527
GS246761	171051
GS246761	116683
GS246761	192213
GS246761	116693
GS246761	81679
GS246761	155012
GS246761	64555
GS246761	245961
GS246761	170904
GS246761	89808
GS246761	78967
GS246761	60628
GS246761	65208
GS246761	64515
GS246761	60393
GS246761	361391
GS246761	66014
GS246761	65031
GS246761	59268
GS246761	84487
GS246761	171136
GS246761	114004
GS246761	171088
GS246761	116744
GS246761	64030
GS246761	81921
GS246761	81741
GS246761	171402
GS246761	81753
GS246761	114629
GS246761	85268
GS246761	60563
GS246761	64036
GS246761	65048
GS246761	191571
GS246761	60460
GS246761	84394
GS246761	58812
GS246761	81771
GS246761	117269
GS246761	171493
GS246761	64035
GS246761	84390
GS246761	114244
GS246761	59315
GS246761	29548
GS246761	65050
GS246761	66016
GS246761	83470
GS246761	85272
GS246761	114210
GS246761	83476
GS246761	192207
GS246761	94202
GS246761	171163
GS246761	114107
GS246761	113912
GS246761	63848
GS246761	79208
GS246761	83611
GS246761	114593
GS246761	171109
GS246761	89824
GS246761	117538
GS246761	171111
GS246761	171485
GS246761	114856
GS246761	84357
GS246761	171046
GS246761	117100
GS246761	81710
GS246761	170917
GS246761	64633
GS246761	65028
GS246761	113992
GS246761	154516
GS246761	116684
GS246761	50864
GS246761	81750
GS246761	64521
GS246761	140945
GS246761	83765
GS246761	170914
GS246761	171115
GS246761	81803
GS246761	140693
GS246761	60356
GS246761	191569
GS246761	60664
GS246761	116727
GS246761	63882
GS246761	60444
GS246761	170739
GS246761	170842
GS246761	60394
GS246761	114027
GS246761	60564
GS246761	246074
GS246761	81520
GS246761	117955
GS246761	81656
GS246761	140944
GS246761	114516
GS246761	79252
GS246761	66015
GS246761	50522
GS246761	83720
GS246761	85327
GS246761	252859
GS246761	116641
GS246761	29599
GS246761	29600
GS246761	64373
GS246761	64862
GS246761	79113
GS246761	25485
GS246761	64628
GS246761	112400
GS246761	25132
GS246761	117105
GS246761	84352
GS246761	116695
GS246761	64043
GS246761	60666
GS246761	89826
GS246761	252854
GS246761	171146
GS246761	85254
GS246761	116560
GS246761	171142
GS246761	81527
GS246761	170899
GS246761	83613
GS246761	56777
GS246761	171040
GS246761	64364
GS246761	79011
GS246761	81518
GS246761	79216
GS246761	117023
GS246761	171071
GS246761	83588
GS246761	83801
GS246761	171131
GS246761	64619
GS246761	85246
GS246761	81526
GS246761	192245
GS246761	170907
GS246761	78962
GS246761	192280
GS246761	170818
GS246761	114592
GS246761	85428
GS246761	117265
GS246761	81818
GS246761	113918
GS246761	245956
GS246761	117052
GS246761	171571
GS246761	171414
GS246761	192126
GS246761	79251
GS246761	54355
GS246761	191573
GS246761	116723
GS246761	140674
GS246761	79211
GS246761	114555
GS246761	690244
GS246761	192249
GS246761	116728
GS246761	64191
GS246761	140928
GS246761	171339
GS246761	171147
GS246761	171148
GS246761	81531
GS246761	170573
GS246761	59294
GS246761	171160
GS246761	116696
GS246761	171409
GS246761	64057
GS246761	360616
GS246761	89805
GS246761	191595
GS246761	66018
GS246761	286931
GS246761	171099
GS246761	246118
GS246761	286973
GS246761	266609
GS246761	252880
GS246761	266735
GS246761	266802
GS246761	266681
GS246761	266712
GS246761	84023
GS246761	246755
GS246761	266705
GS246761	286997
GS246761	266732
GS246761	259225
GS246761	140720
GS246761	261737
GS246761	113907
GS246761	266806
GS246761	79213
GS246761	259227
GS246761	50646
GS246761	286758
GS246761	64547
GS246761	140724
GS246761	140729
GS246761	171581
GS246761	252917
GS246761	246153
GS246761	266714
GS246761	252928
GS246761	50658
GS246761	171387
GS246761	26759
GS246761	170816
GS246761	266734
GS246761	257645
GS246761	266777
GS246761	316077
GS246761	302538
GS246761	287526
GS246761	338477
GS246761	312495
GS246761	306487
GS246761	302822
GS246761	315611
GS246761	338475
GS246761	298908
GS246761	311604
GS246761	306616
GS246761	60660
GS246761	60449
GS246761	286923
GS246761	286930
GS246761	191574
GS246761	66030
GS246761	50871
GS246761	286937
GS246761	84587
GS246761	286901
GS246761	50938
GS246761	59320
GS246761	59322
GS246761	64194
GS246761	266601
GS246761	246281
GS246761	301595
GS246761	306459
GS246761	266762
GS246761	60332
GS246761	117284
GS246761	252958
GS246761	266780
GS246761	79111
GS246761	59114
GS246761	259243
GS246761	60589
GS246761	85383
GS246761	259242
GS246761	266680
GS246761	192189
GS246761	359959
GS246761	289372
GS246761	293451
GS246761	313453
GS246761	353302
GS246761	303311
GS246761	287927
GS246761	287422
GS246761	360202
GS246761	289596
GS246761	353303
GS246761	303605
GS246761	117242
GS246761	300186
GS246761	353227
GS246761	300286
GS246761	338474
GS246761	304081
GS246761	246262
GS246761	252889
GS246761	170955
GS246761	298199
GS246761	399489
GS246761	366894
GS246761	310448
GS246761	361549
GS246761	291553
GS246761	362911
GS246761	304827
GS246761	299691
GS246761	361170
GS246761	298101
GS246761	299159
GS246761	308776
GS246761	361612
GS246761	361474
GS246761	310552
GS246761	311615
GS246761	289586
GS246761	295703
GS246761	297530
GS246761	364901
GS246761	315085
GS246761	311055
GS246761	294232
GS246761	312086
GS246761	361432
GS246761	288532
GS246761	302302
GS246761	308923
GS246761	406864
GS246761	362691
GS246761	406866
GS246761	288280
GS246761	299609
GS246761	288652
GS246761	294674
GS246761	291325
GS246761	361796
GS246761	294255
GS246761	444986
GS246761	360942
GS246761	289456
GS246761	314251
GS246761	399684
GS246761	363139
GS246761	361788
GS246761	289453
GS246761	408200
GS246761	432361
GS246761	309131
GS246761	300888
GS246761	308576
GS246761	288659
GS246761	300649
GS246761	313874
GS246761	313594
GS246761	313022
GS246761	308831
GS246761	294088
GS246761	297814
GS246761	312728
GS246761	361450
GS246761	306055
GS246761	309071
GS246761	361625
GS246761	312707
GS246761	307171
GS246761	309729
GS246761	360634
GS246761	301284
GS246761	287119
GS246761	310326
GS246761	315333
GS246761	289758
GS246761	361668
GS246761	361843
GS246761	289833
GS246761	29157
GS246761	304431
GS246761	300129
GS246761	313575
GS246761	307106
GS246761	314627
GS246761	290308
GS246761	291709
GS246761	360961
GS246761	361696
GS246761	296182
GS246761	361135
GS246761	291540
GS246761	315711
GS246761	288321
GS246761	311311
GS246761	367106
GS246761	362384
GS246761	290614
GS246761	315705
GS246761	300663
GS246761	308668
GS246761	300889
GS246761	313510
GS246761	365748
GS246761	287585
GS246761	313806
GS246761	315217
GS246761	302934
GS246761	308118
GS246761	307997
GS246761	362316
GS246761	363674
GS246761	311437
GS246761	312538
GS246761	291006
GS246761	361821
GS246761	291340
GS246761	290880
GS246761	363113
GS246761	297595
GS246761	305858
GS246761	289727
GS246761	313101
GS246761	316242
GS246761	305923
GS246761	315219
GS246761	360820
GS246761	310849
GS246761	290356
GS246761	291926
GS246761	296469
GS246761	293627
GS246761	287532
GS246761	315496
GS246761	363909
GS246761	294883
GS246761	295027
GS246761	305922
GS246761	315298
GS246761	310621
GS246761	360834
GS246761	361286
GS246761	303786
GS246761	364838
GS246761	366274
GS246761	308445
GS246761	290562
GS246761	288093
GS246761	292051
GS246761	315722
GS246761	360916
GS246761	362734
GS246761	678743
GS246761	291653
GS246761	365382
GS246761	303553
GS246761	310261
GS246761	289397
GS246761	362696
GS246761	304195
GS246761	287151
GS246761	363110
GS246761	361560
GS246761	308493
GS246761	287424
GS246761	361528
GS246761	287537
GS246761	309014
GS246761	306081
GS246761	361018
GS246761	317163
GS246761	294449
GS246761	360605
GS246761	312952
GS246761	297952
GS246761	304301
GS246761	292907
GS246761	303000
GS246761	309444
GS246761	298298
GS246761	362035
GS246761	309000
GS246761	290467
GS246761	366251
GS246761	316226
GS246761	298655
GS246761	363085
GS246761	293736
GS246761	361495
GS246761	361105
GS246761	299636
GS246761	305156
GS246761	361812
GS246761	287527
GS246761	296371
GS246761	361694
GS246761	312563
GS246761	288161
GS246761	313507
GS246761	289318
GS246761	291819
GS246761	310483
GS246761	313234
GS246761	303559
GS246761	363616
GS246761	301442
GS246761	305494
GS246761	501550
GS246761	288026
GS246761	361415
GS246761	289007
GS246761	363122
GS246761	294103
GS246761	309459
GS246761	362584
GS246761	360882
GS246761	289129
GS246761	362508
GS246761	362675
GS246761	304103
GS246761	361574
GS246761	314612
GS246761	313666
GS246761	316219
GS246761	360835
GS246761	314622
GS246761	314619
GS246761	304816
GS246761	306279
GS246761	293693
GS246761	305977
GS246761	315882
GS246761	299923
GS246761	361472
GS246761	301516
GS246761	311187
GS246761	307579
GS246761	363006
GS246761	314961
GS246761	311718
GS246761	360580
GS246761	295277
GS246761	304109
GS246761	362619
GS246761	304822
GS246761	293654
GS246761	314683
GS246761	303505
GS246761	360638
GS246761	303175
GS246761	308113
GS246761	364879
GS246761	360891
GS246761	311658
GS246761	363206
GS246761	361818
GS246761	360672
GS246761	361757
GS246761	362423
GS246761	364605
GS246761	308173
GS246761	309111
GS246761	293624
GS246761	291129
GS246761	305972
GS246761	287570
GS246761	294400
GS246761	305064
GS246761	306327
GS246761	289664
GS246761	362727
GS246761	309901
GS246761	295338
GS246761	290485
GS246761	314259
GS246761	302991
GS246761	314441
GS246761	310677
GS246761	298544
GS246761	308594
GS246761	295934
GS246761	295649
GS246761	362530
GS246761	362971
GS246761	361527
GS246761	294019
GS246761	306071
GS246761	292138
GS246761	298577
GS246761	364858
GS246761	314262
GS246761	297437
GS246761	295619
GS246761	300807
GS246761	293514
GS246761	299211
GS246761	362751
GS246761	315996
GS246761	307900
GS246761	362828
GS246761	305751
GS246761	360906
GS246761	293586
GS246761	288587
GS246761	316642
GS246761	310207
GS246761	314621
GS246761	309312
GS246761	315191
GS246761	301261
GS246761	300062
GS246761	291597
GS246761	300719
GS246761	300117
GS246761	300446
GS246761	294795
GS246761	288512
GS246761	297748
GS246761	312846
GS246761	308993
GS246761	306157
GS246761	363228
GS246761	367160
GS246761	314870
GS246761	307657
GS246761	363084
GS246761	315250
GS246761	362474
GS246761	291848
GS246761	306544
GS246761	494021
GS246761	362895
GS246761	310662
GS246761	293645
GS246761	293692
GS246761	311621
GS246761	299186
GS246761	296545
GS246761	293135
GS246761	312705
GS246761	298443
GS246761	293619
GS246761	287371
GS246761	310787
GS246761	299599
GS246761	306534
GS246761	314640
GS246761	298524
GS246761	303599
GS246761	308129
GS246761	313755
GS246761	305509
GS246761	296787
GS246761	303836
GS246761	314648
GS246761	314164
GS246761	294715
GS246761	366031
GS246761	292778
GS246761	308717
GS246761	303070
GS246761	288025
GS246761	362835
GS246761	307234
GS246761	289019
GS246761	362957
GS246761	298690
GS246761	310812
GS246761	311324
GS246761	361637
GS246761	314416
GS246761	288752
GS246761	305242
GS246761	295061
GS246761	298792
GS246761	362625
GS246761	361226
GS246761	316351
GS246761	291388
GS246761	295971
GS246761	313783
GS246761	300444
GS246761	288661
GS246761	366891
GS246761	291354
GS246761	299762
GS246761	316235
GS246761	290527
GS246761	362247
GS246761	314641
GS246761	308387
GS246761	291609
GS246761	310667
GS246761	306527
GS246761	305339
GS246761	292301
GS246761	305454
GS246761	361095
GS246761	301570
GS246761	298504
GS246761	291355
GS246761	362760
GS246761	289734
GS246761	311419
GS246761	299714
GS246761	291464
GS246761	307855
GS246761	315579
GS246761	305826
GS246761	363235
GS246761	305417
GS246761	293056
GS246761	360928
GS246761	362481
GS246761	311786
GS246761	293949
GS246761	291694
GS246761	288484
GS246761	363989
GS246761	315645
GS246761	305475
GS246761	310519
GS246761	360739
GS246761	308690
GS246761	314855
GS246761	288010
GS246761	361419
GS246761	308543
GS246761	361895
GS246761	360579
GS246761	298429
GS246761	295219
GS246761	298189
GS246761	297872
GS246761	362235
GS246761	362269
GS246761	296478
GS246761	293023
GS246761	292098
GS246761	362211
GS246761	300142
GS246761	309859
GS246761	312826
GS246761	361674
GS246761	309419
GS246761	360904
GS246761	310526
GS246761	295430
GS246761	361233
GS246761	314329
GS246761	312478
GS246761	365038
GS246761	312492
GS246761	287746
GS246761	298801
GS246761	306013
GS246761	295228
GS246761	289934
GS246761	287450
GS246761	315121
GS246761	291961
GS246761	360850
GS246761	306771
GS246761	361096
GS246761	311137
GS246761	293688
GS246761	296313
GS246761	308701
GS246761	680308
GS246761	311671
GS246761	287427
GS246761	362800
GS246761	293166
GS246761	313057
GS246761	287805
GS246761	316559
GS246761	361069
GS246761	305021
GS246761	293698
GS246761	310674
GS246761	306842
GS246761	304571
GS246761	291908
GS246761	288626
GS246761	308632
GS246761	303653
GS246761	291565
GS246761	363796
GS246761	300222
GS246761	308501
GS246761	311462
GS246761	361714
GS246761	306460
GS246761	365389
GS246761	293449
GS246761	309922
GS246761	303596
GS246761	289855
GS246761	297453
GS246761	315744
GS246761	314910
GS246761	293545
GS246761	291676
GS246761	308761
GS246761	365352
GS246761	291796
GS246761	363083
GS246761	361621
GS246761	303534
GS246761	364981
GS246761	294329
GS246761	288478
GS246761	315216
GS246761	303671
GS246761	316561
GS246761	295161
GS246761	365813
GS246761	305497
GS246761	362733
GS246761	364410
GS246761	364148
GS246761	362732
GS246761	295341
GS246761	450224
GS246761	308857
GS246761	367903
GS246761	314399
GS246761	291180
GS246761	306761
GS246761	299569
GS246761	291981
GS246761	311549
GS246761	288449
GS246761	305848
GS246761	360970
GS246761	493909
GS246761	309262
GS246761	316413
GS246761	308100
GS246761	493574
GS246761	309641
GS246761	313436
GS246761	309207
GS246761	291670
GS246761	361732
GS246761	308807
GS246761	297756
GS246761	305941
GS246761	494344
GS246761	299938
GS246761	305691
GS246761	315939
GS246761	364534
GS246761	311548
GS246761	300250
GS246761	291211
GS246761	366568
GS246761	287534
GS246761	295347
GS246761	365842
GS246761	503568
GS246761	494320
GS246761	361016
GS246761	315159
GS246761	363982
GS246761	406166
GS246761	363093
GS246761	396551
GS246761	396527
GS246761	361237
GS246761	360838
GS246761	396552
GS246761	502684
GS246761	500450
GS246761	303684
GS246761	502421
GS246761	295062
GS246761	500909
GS246761	299269
GS246761	365460
GS246761	297832
GS246761	291618
GS246761	499189
GS246761	289264
GS246761	305012
GS246761	498003
GS246761	287847
GS246761	361412
GS246761	553106
GS246761	498726
GS246761	288044
GS246761	302363
GS246761	497979
GS246761	316539
GS246761	293860
GS246761	363517
GS246761	307938
GS246761	500219
GS246761	307251
GS246761	501174
GS246761	317203
GS246761	298692
GS246761	498963
GS246761	364395
GS246761	317381
GS246761	499021
GS246761	497983
GS246761	315712
GS246761	498834
GS246761	500117
GS246761	367944
GS246761	302516
GS246761	309349
GS246761	288751
GS246761	498796
GS246761	304984
GS246761	317377
GS246761	362799
GS246761	300913
GS246761	317494
GS246761	499964
GS246761	498392
GS246761	302671
GS246761	360919
GS246761	497923
GS246761	499668
GS246761	500047
GS246761	300950
GS246761	499846
GS246761	301388
GS246761	305434
GS246761	361669
GS246761	500750
GS246761	289270
GS246761	298528
GS246761	296867
GS246761	497913
GS246761	499422
GS246761	497941
GS246761	500137
GS246761	498922
GS246761	292486
GS246761	367915
GS246761	498650
GS246761	308742
GS246761	310250
GS246761	292165
GS246761	499586
GS246761	360668
GS246761	316022
GS246761	317420
GS246761	499156
GS246761	287419
GS246761	313373
GS246761	304280
GS246761	317247
GS246761	363442
GS246761	300455
GS246761	312108
GS246761	288611
GS246761	317396
GS246761	498066
GS246761	554353
GS246761	501998
GS246761	293840
GS246761	313296
GS246761	361481
GS246761	291936
GS246761	500280
GS246761	499885
GS246761	500308
GS246761	499362
GS246761	310200
GS246761	500917
GS246761	498898
GS246761	302489
GS246761	311866
GS246761	498866
GS246761	500996
GS246761	303812
GS246761	361327
GS246761	296866
GS246761	293491
GS246761	497926
GS246761	313438
GS246761	361174
GS246761	361142
GS246761	317368
GS246761	309208
GS246761	499302
GS246761	498398
GS246761	499589
GS246761	501158
GS246761	288275
GS246761	501630
GS246761	317435
GS246761	301650
GS246761	498944
GS246761	317183
GS246761	317196
GS246761	500578
GS246761	365179
GS246761	501160
GS246761	291853
GS246761	500442
GS246761	305166
GS246761	299129
GS246761	291847
GS246761	302619
GS246761	498399
GS246761	363555
GS246761	499014
GS246761	499240
GS246761	499425
GS246761	500227
GS246761	498228
GS246761	364823
GS246761	311956
GS246761	304458
GS246761	498416
GS246761	307206
GS246761	297846
GS246761	301168
GS246761	690276
GS246761	690262
GS246761	688996
GS246761	679869
GS246761	679812
GS246761	574523
GS246761	116996
GS246761	691499
GS246761	691455
GS246761	691429
GS246761	690195
GS246761	688843
GS246761	684961
GS246761	681023
GS246761	679713
GS246761	690038
GS246761	688721
GS246761	686117
GS246761	679668
GS246761	689978
GS246761	687358
GS246761	686019
GS246761	679532
GS246761	301295
GS246761	691149
GS246761	688553
GS246761	680723
GS246761	680712
GS246761	303730
GS246761	691018
GS246761	688429
GS246761	688422
GS246761	685882
GS246761	501231
GS246761	499947
GS246761	304929
GS246761	291944
GS246761	688394
GS246761	685756
GS246761	680451
GS246761	680434
GS246761	680404
GS246761	689779
GS246761	641452
GS246761	494500
GS246761	287867
GS246761	690755
GS246761	404781
GS246761	294254
GS246761	25119
GS246761	691995
GS246761	689364
GS246761	685462
GS246761	685451
GS246761	685448
GS246761	685433
GS246761	499506
GS246761	301957
GS246761	299339
GS246761	299314
GS246761	691842
GS246761	691835
GS246761	689256
GS246761	685325
GS246761	681407
GS246761	364224
GS246761	362994
GS246761	361673
GS246761	690489
GS246761	690442
GS246761	681395
GS246761	681377
GS246761	678739
GS246761	368001
GS246761	681288
GS246761	679949
GS246761	408248
GS246761	309433
GS246761	24750
GS246761	314436
GS246761	791259
GS246761	414788
GS246761	100125384
GS246761	100125374
GS246761	100125362
GS246761	100188934
GS246761	100188944
GS246761	100147704
GS246761	100302373
GS246761	100302465
GS246761	100314291
GS246761	100314274
GS246761	100314256
GS246761	100314207
GS246761	100314111
GS246761	100314106
GS246761	100314105
GS246761	100314008
GS246761	100313983
GS246761	296936
GS246761	100526613
GS246761	100568448
GS246761	108348126
GS246761	108348156
GS248528	29316
GS248528	25238
GS248528	24208
GS248528	25698
GS248528	25297
GS248528	25298
GS248528	25405
GS248528	24251
GS248528	25599
GS248528	24252
GS248528	25749
GS248528	25654
GS248528	25305
GS248528	25282
GS248528	25756
GS248528	29145
GS248528	25427
GS248528	25113
GS248528	25130
GS248528	24890
GS248528	25441
GS248528	25317
GS248528	25177
GS248528	24379
GS248528	50577
GS248528	25024
GS248528	50564
GS248528	25236
GS248528	29466
GS248528	24412
GS248528	293621
GS248528	25461
GS248528	25151
GS248528	24504
GS248528	25467
GS248528	25110
GS248528	24560
GS248528	24565
GS248528	25744
GS248528	24596
GS248528	24604
GS248528	29700
GS248528	25133
GS248528	29353
GS248528	362515
GS248528	24678
GS248528	25031
GS248528	25738
GS248528	25527
GS248528	24924
GS248528	50561
GS248528	24716
GS248528	54291
GS248528	29744
GS248528	29667
GS248528	29499
GS248528	54300
GS248528	25027
GS248528	25693
GS248528	29502
GS248528	25012
GS248528	29219
GS248528	29211
GS248528	25357
GS248528	25628
GS248528	25570
GS248528	24855
GS248528	29555
GS248528	25696
GS248528	29543
GS248528	29175
GS248528	29719
GS248528	64356
GS248528	29407
GS248528	63997
GS248528	29427
GS248528	29583
GS248528	29709
GS248528	60577
GS248528	58967
GS248528	59087
GS248528	29556
GS248528	60337
GS248528	24586
GS248528	29430
GS248528	65187
GS248528	81722
GS248528	83833
GS248528	65194
GS248528	360272
GS248528	83709
GS248528	78956
GS248528	170837
GS248528	65023
GS248528	140866
GS248528	83842
GS248528	116721
GS248528	60379
GS248528	114612
GS248528	78976
GS248528	29637
GS248528	114106
GS248528	64461
GS248528	29254
GS248528	117130
GS248528	27150
GS248528	296706
GS248528	117183
GS248528	156873
GS248528	117277
GS248528	140933
GS248528	117043
GS248528	117536
GS248528	58945
GS248528	245975
GS248528	84481
GS248528	81677
GS248528	84420
GS248528	116638
GS248528	84030
GS248528	155183
GS248528	84488
GS248528	140915
GS248528	79248
GS248528	140910
GS248528	83708
GS248528	171381
GS248528	79253
GS248528	84359
GS248528	171051
GS248528	192215
GS248528	66024
GS248528	114089
GS248528	192226
GS248528	79212
GS248528	89786
GS248528	81741
GS248528	81753
GS248528	170929
GS248528	85268
GS248528	114245
GS248528	116599
GS248528	66016
GS248528	81825
GS248528	116490
GS248528	55939
GS248528	85262
GS248528	246150
GS248528	84404
GS248528	116564
GS248528	246770
GS248528	83505
GS248528	140665
GS248528	81632
GS248528	60323
GS248528	81681
GS248528	116506
GS248528	78965
GS248528	60444
GS248528	246074
GS248528	81726
GS248528	83580
GS248528	112400
GS248528	171407
GS248528	298992
GS248528	252854
GS248528	117018
GS248528	64619
GS248528	171571
GS248528	84575
GS248528	170843
GS248528	116728
GS248528	171358
GS248528	246149
GS248528	246245
GS248528	266802
GS248528	282817
GS248528	286971
GS248528	79213
GS248528	85332
GS248528	65025
GS248528	266709
GS248528	85496
GS248528	65218
GS248528	259226
GS248528	246249
GS248528	300992
GS248528	246279
GS248528	302822
GS248528	84686
GS248528	83500
GS248528	171018
GS248528	312440
GS248528	191574
GS248528	252827
GS248528	287005
GS248528	246757
GS248528	50872
GS248528	245963
GS248528	246143
GS248528	59114
GS248528	313453
GS248528	311169
GS248528	353255
GS248528	314614
GS248528	300286
GS248528	359726
GS248528	353257
GS248528	171574
GS248528	361289
GS248528	364682
GS248528	300668
GS248528	293650
GS248528	299156
GS248528	362245
GS248528	311615
GS248528	362979
GS248528	304135
GS248528	353305
GS248528	363455
GS248528	360718
GS248528	445269
GS248528	305353
GS248528	308923
GS248528	408217
GS248528	361537
GS248528	290648
GS248528	291325
GS248528	407765
GS248528	295490
GS248528	317407
GS248528	308410
GS248528	408200
GS248528	298104
GS248528	361727
GS248528	304104
GS248528	363130
GS248528	316370
GS248528	290679
GS248528	313242
GS248528	309071
GS248528	307604
GS248528	296616
GS248528	312474
GS248528	291689
GS248528	287420
GS248528	361705
GS248528	315133
GS248528	297561
GS248528	315294
GS248528	293947
GS248528	300996
GS248528	303008
GS248528	314198
GS248528	306073
GS248528	361696
GS248528	296182
GS248528	288321
GS248528	296178
GS248528	308345
GS248528	289468
GS248528	307487
GS248528	362456
GS248528	287101
GS248528	307585
GS248528	298399
GS248528	291978
GS248528	361648
GS248528	361420
GS248528	301235
GS248528	297595
GS248528	312510
GS248528	360792
GS248528	316312
GS248528	296267
GS248528	362981
GS248528	315594
GS248528	362178
GS248528	360834
GS248528	315165
GS248528	307514
GS248528	292737
GS248528	365394
GS248528	315957
GS248528	366140
GS248528	361506
GS248528	308346
GS248528	289560
GS248528	311826
GS248528	366163
GS248528	310377
GS248528	361528
GS248528	310315
GS248528	314061
GS248528	298003
GS248528	314523
GS248528	310764
GS248528	306164
GS248528	303631
GS248528	288906
GS248528	362595
GS248528	311412
GS248528	361495
GS248528	314405
GS248528	305428
GS248528	303164
GS248528	29162
GS248528	305081
GS248528	361328
GS248528	310694
GS248528	309457
GS248528	287738
GS248528	291212
GS248528	309459
GS248528	309659
GS248528	312052
GS248528	362472
GS248528	288369
GS248528	299954
GS248528	361574
GS248528	307839
GS248528	315807
GS248528	362861
GS248528	293148
GS248528	297942
GS248528	288606
GS248528	290426
GS248528	304822
GS248528	303240
GS248528	293967
GS248528	366957
GS248528	304581
GS248528	309156
GS248528	364879
GS248528	313977
GS248528	301007
GS248528	294390
GS248528	289338
GS248528	311658
GS248528	361898
GS248528	295325
GS248528	361946
GS248528	303336
GS248528	360602
GS248528	287479
GS248528	362983
GS248528	292658
GS248528	298544
GS248528	288743
GS248528	311651
GS248528	295333
GS248528	296968
GS248528	362971
GS248528	308911
GS248528	362766
GS248528	308463
GS248528	361686
GS248528	307916
GS248528	363172
GS248528	362751
GS248528	313653
GS248528	300320
GS248528	308236
GS248528	289280
GS248528	315045
GS248528	363872
GS248528	310207
GS248528	311341
GS248528	365396
GS248528	289088
GS248528	316233
GS248528	290668
GS248528	315999
GS248528	314870
GS248528	293016
GS248528	310615
GS248528	303741
GS248528	306974
GS248528	360866
GS248528	292874
GS248528	366452
GS248528	362896
GS248528	300754
GS248528	366619
GS248528	361930
GS248528	311337
GS248528	299905
GS248528	313777
GS248528	310417
GS248528	289904
GS248528	305104
GS248528	287273
GS248528	361813
GS248528	361057
GS248528	290959
GS248528	289019
GS248528	298690
GS248528	292554
GS248528	316599
GS248528	312200
GS248528	288661
GS248528	312199
GS248528	362918
GS248528	304343
GS248528	292041
GS248528	304378
GS248528	314641
GS248528	312649
GS248528	290912
GS248528	295088
GS248528	298771
GS248528	287645
GS248528	304935
GS248528	304500
GS248528	302969
GS248528	308028
GS248528	301010
GS248528	304592
GS248528	291130
GS248528	309969
GS248528	287269
GS248528	298767
GS248528	298696
GS248528	301431
GS248528	299139
GS248528	362506
GS248528	296621
GS248528	293669
GS248528	300197
GS248528	303764
GS248528	311607
GS248528	298086
GS248528	294693
GS248528	361183
GS248528	300836
GS248528	315523
GS248528	362226
GS248528	362142
GS248528	297077
GS248528	301265
GS248528	309465
GS248528	365355
GS248528	296478
GS248528	291960
GS248528	296925
GS248528	303382
GS248528	367323
GS248528	308322
GS248528	366474
GS248528	311184
GS248528	298694
GS248528	362892
GS248528	311415
GS248528	311852
GS248528	300367
GS248528	287450
GS248528	298366
GS248528	293688
GS248528	361169
GS248528	362415
GS248528	313620
GS248528	289323
GS248528	315599
GS248528	304608
GS248528	298019
GS248528	114859
GS248528	363795
GS248528	301434
GS248528	360502
GS248528	309170
GS248528	308632
GS248528	301515
GS248528	290626
GS248528	297408
GS248528	298841
GS248528	302248
GS248528	363018
GS248528	291676
GS248528	366856
GS248528	301430
GS248528	309772
GS248528	362441
GS248528	295161
GS248528	293722
GS248528	310791
GS248528	100049583
GS248528	291580
GS248528	297594
GS248528	362430
GS248528	308326
GS248528	361041
GS248528	494192
GS248528	287451
GS248528	305076
GS248528	299569
GS248528	289595
GS248528	362264
GS248528	363255
GS248528	287129
GS248528	314360
GS248528	306586
GS248528	360775
GS248528	362608
GS248528	367384
GS248528	362427
GS248528	361941
GS248528	362626
GS248528	293494
GS248528	288692
GS248528	311548
GS248528	316531
GS248528	366568
GS248528	494339
GS248528	365842
GS248528	297109
GS248528	445541
GS248528	317464
GS248528	292892
GS248528	312480
GS248528	499067
GS248528	500059
GS248528	497974
GS248528	314964
GS248528	313749
GS248528	310548
GS248528	317232
GS248528	313449
GS248528	499360
GS248528	311210
GS248528	314713
GS248528	363517
GS248528	305467
GS248528	500102
GS248528	554172
GS248528	307251
GS248528	500832
GS248528	302421
GS248528	498133
GS248528	497932
GS248528	500893
GS248528	500367
GS248528	317425
GS248528	498580
GS248528	619560
GS248528	498957
GS248528	500576
GS248528	367153
GS248528	501552
GS248528	501619
GS248528	502348
GS248528	498425
GS248528	362602
GS248528	310463
GS248528	500069
GS248528	501559
GS248528	498159
GS248528	300950
GS248528	498703
GS248528	499990
GS248528	501164
GS248528	500116
GS248528	303029
GS248528	499935
GS248528	290552
GS248528	298528
GS248528	287523
GS248528	500054
GS248528	362289
GS248528	367915
GS248528	316022
GS248528	287456
GS248528	310190
GS248528	304280
GS248528	499073
GS248528	302612
GS248528	299700
GS248528	499688
GS248528	298301
GS248528	311112
GS248528	499390
GS248528	317371
GS248528	293840
GS248528	499806
GS248528	500707
GS248528	499088
GS248528	362256
GS248528	367912
GS248528	503018
GS248528	500595
GS248528	500996
GS248528	298442
GS248528	365212
GS248528	498695
GS248528	292654
GS248528	365962
GS248528	497954
GS248528	499508
GS248528	499380
GS248528	317260
GS248528	499302
GS248528	367112
GS248528	295654
GS248528	501630
GS248528	287612
GS248528	499697
GS248528	498274
GS248528	361953
GS248528	499280
GS248528	498257
GS248528	308341
GS248528	619345
GS248528	361718
GS248528	361649
GS248528	499425
GS248528	499270
GS248528	315911
GS248528	309256
GS248528	691538
GS248528	691504
GS248528	687633
GS248528	685045
GS248528	681190
GS248528	679898
GS248528	306792
GS248528	691429
GS248528	690161
GS248528	688843
GS248528	301455
GS248528	691307
GS248528	688765
GS248528	683504
GS248528	689909
GS248528	688673
GS248528	691153
GS248528	680751
GS248528	362261
GS248528	685826
GS248528	366057
GS248528	680531
GS248528	690848
GS248528	680451
GS248528	680427
GS248528	689779
GS248528	498433
GS248528	497198
GS248528	303439
GS248528	361857
GS248528	294270
GS248528	691931
GS248528	690661
GS248528	685451
GS248528	685425
GS248528	680203
GS248528	499506
GS248528	498131
GS248528	361655
GS248528	287522
GS248528	170509
GS248528	690407
GS248528	683927
GS248528	500688
GS248528	368070
GS248528	690303
GS248528	685180
GS248528	362710
GS248528	310756
GS248528	316519
GS248528	100174910
GS248528	100216475
GS248528	100361138
GS248528	100360302
GS248528	100359680
GS248528	100314207
GS248528	100314005
GS248528	100314002
GS248528	100313995
GS248528	296936
GS248528	100526588
GS248528	100526565
GS248528	100534597
GS248528	100568448
GS248528	100861535
GS248528	100861534
GS251065	25364
GS251065	24225
GS251065	54231
GS251065	25275
GS251065	24330
GS251065	25129
GS251065	314322
GS251065	24517
GS251065	24520
GS251065	29409
GS251065	24547
GS251065	25037
GS251065	24558
GS251065	24588
GS251065	25041
GS251065	24943
GS251065	24660
GS251065	24681
GS251065	54292
GS251065	29686
GS251065	24772
GS251065	54305
GS251065	29179
GS251065	24808
GS251065	50555
GS251065	25624
GS251065	58853
GS251065	64443
GS251065	29584
GS251065	63840
GS251065	29317
GS251065	58813
GS251065	54323
GS251065	29276
GS251065	83839
GS251065	113955
GS251065	117549
GS251065	114095
GS251065	79240
GS251065	84487
GS251065	116744
GS251065	60399
GS251065	83629
GS251065	64521
GS251065	60394
GS251065	116509
GS251065	171564
GS251065	25485
GS251065	60666
GS251065	85382
GS251065	64364
GS251065	361532
GS251065	81526
GS251065	64471
GS251065	81813
GS251065	79251
GS251065	246755
GS251065	171011
GS251065	257648
GS251065	81005
GS251065	315611
GS251065	338475
GS251065	260416
GS251065	404280
GS251065	287437
GS251065	315306
GS251065	310667
GS251065	309175
GS251065	364837
GS251065	365872
GS251065	289992
GS273186	25364
GS273186	24225
GS273186	54245
GS273186	25421
GS273186	25424
GS273186	25310
GS273186	24330
GS273186	24948
GS273186	24399
GS273186	24600
GS273186	25340
GS273186	24765
GS273186	24829
GS273186	29627
GS273186	58853
GS273186	29560
GS273186	29194
GS273186	83838
GS273186	83571
GS273186	360272
GS273186	83839
GS273186	113976
GS273186	192129
GS273186	84353
GS273186	114485
GS273186	29637
GS273186	116663
GS273186	116459
GS273186	114490
GS273186	83712
GS273186	64023
GS273186	117596
GS273186	171109
GS273186	78961
GS273186	170699
GS273186	116658
GS273186	84583
GS273186	29546
GS273186	246250
GS273186	297508
GS273186	290359
GS273186	303470
GS273186	682507
GS273186	306817
GS273186	292845
GS273186	360625
GS273186	360481
GS273186	292732
GS273186	362160
GS273186	29544
GS273186	362453
GS273186	310769
GS273186	303902
GS273186	362627
GS273186	315047
GS273186	313436
GS273186	297801
GS273186	363442
GS273186	497198
GS273186	303439
GS352807	24191
GS352807	25275
GS352807	24333
GS352807	24399
GS352807	171374
GS352807	81822
GS37147	29437
GS37147	24206
GS37147	79116
GS37147	29711
GS37147	29618
GS37147	29619
GS37147	25403
GS37147	25404
GS37147	25695
GS37147	25302
GS37147	29309
GS37147	25252
GS37147	25130
GS37147	314322
GS37147	58924
GS37147	29454
GS37147	24392
GS37147	25202
GS37147	24439
GS37147	25675
GS37147	24472
GS37147	25617
GS37147	25324
GS37147	24516
GS37147	24517
GS37147	25157
GS37147	25478
GS37147	29579
GS37147	29265
GS37147	25037
GS37147	24600
GS37147	25054
GS37147	29606
GS37147	24640
GS37147	25741
GS37147	24648
GS37147	24678
GS37147	25738
GS37147	24672
GS37147	24689
GS37147	24694
GS37147	29644
GS37147	29622
GS37147	29218
GS37147	54293
GS37147	54297
GS37147	29481
GS37147	24765
GS37147	25216
GS37147	25197
GS37147	54302
GS37147	24778
GS37147	24787
GS37147	54304
GS37147	24800
GS37147	25562
GS37147	29362
GS37147	24827
GS37147	25600
GS37147	25624
GS37147	29610
GS37147	56759
GS37147	58950
GS37147	29671
GS37147	58979
GS37147	58966
GS37147	58853
GS37147	63997
GS37147	58839
GS37147	63840
GS37147	63845
GS37147	59087
GS37147	54323
GS37147	29577
GS37147	29597
GS37147	29424
GS37147	64441
GS37147	58834
GS37147	65129
GS37147	65131
GS37147	140666
GS37147	29682
GS37147	64355
GS37147	83498
GS37147	84021
GS37147	58815
GS37147	114633
GS37147	191575
GS37147	140866
GS37147	81634
GS37147	56266
GS37147	94174
GS37147	84391
GS37147	116663
GS37147	64020
GS37147	54702
GS37147	64465
GS37147	117282
GS37147	116675
GS37147	81504
GS37147	60443
GS37147	81920
GS37147	64456
GS37147	84577
GS37147	84580
GS37147	171347
GS37147	58808
GS37147	79240
GS37147	170915
GS37147	192180
GS37147	83497
GS37147	94273
GS37147	114488
GS37147	117272
GS37147	116681
GS37147	161452
GS37147	84482
GS37147	94204
GS37147	64088
GS37147	192154
GS37147	83624
GS37147	64468
GS37147	116780
GS37147	116741
GS37147	116781
GS37147	363425
GS37147	116662
GS37147	116501
GS37147	170901
GS37147	57027
GS37147	140941
GS37147	192270
GS37147	114632
GS37147	65026
GS37147	170668
GS37147	81648
GS37147	60430
GS37147	170900
GS37147	116465
GS37147	117029
GS37147	56785
GS37147	65081
GS37147	84394
GS37147	84390
GS37147	83828
GS37147	116778
GS37147	116779
GS37147	116742
GS37147	114205
GS37147	81825
GS37147	171357
GS37147	140593
GS37147	171447
GS37147	85423
GS37147	114856
GS37147	65052
GS37147	78974
GS37147	171058
GS37147	54318
GS37147	84492
GS37147	89804
GS37147	170914
GS37147	78957
GS37147	171291
GS37147	154968
GS37147	60444
GS37147	64576
GS37147	64124
GS37147	117021
GS37147	79252
GS37147	116645
GS37147	171304
GS37147	79121
GS37147	64187
GS37147	59319
GS37147	60666
GS37147	116552
GS37147	116650
GS37147	140860
GS37147	64032
GS37147	94170
GS37147	64086
GS37147	171041
GS37147	114119
GS37147	117548
GS37147	117557
GS37147	81708
GS37147	170818
GS37147	171437
GS37147	114517
GS37147	89806
GS37147	83514
GS37147	79251
GS37147	140922
GS37147	81670
GS37147	64039
GS37147	192209
GS37147	170843
GS37147	85242
GS37147	89784
GS37147	171457
GS37147	192181
GS37147	171099
GS37147	246245
GS37147	246302
GS37147	282712
GS37147	29546
GS37147	246282
GS37147	246272
GS37147	286988
GS37147	63994
GS37147	286918
GS37147	282835
GS37147	259237
GS37147	245922
GS37147	312382
GS37147	306439
GS37147	306487
GS37147	287715
GS37147	295645
GS37147	313323
GS37147	246172
GS37147	286978
GS37147	266601
GS37147	246212
GS37147	259242
GS37147	306203
GS37147	373066
GS37147	252889
GS37147	393085
GS37147	393089
GS37147	362850
GS37147	298942
GS37147	393091
GS37147	291339
GS37147	289924
GS37147	393090
GS37147	308588
GS37147	362495
GS37147	393088
GS37147	393086
GS37147	393087
GS37147	393092
GS37147	360584
GS37147	311551
GS37147	361323
GS37147	289144
GS37147	299799
GS37147	399684
GS37147	445268
GS37147	294258
GS37147	360905
GS37147	312707
GS37147	297381
GS37147	314438
GS37147	297076
GS37147	311642
GS37147	296655
GS37147	289881
GS37147	366792
GS37147	363578
GS37147	307350
GS37147	361303
GS37147	308579
GS37147	363948
GS37147	304850
GS37147	313689
GS37147	361383
GS37147	363113
GS37147	303274
GS37147	367264
GS37147	306871
GS37147	316312
GS37147	291439
GS37147	301549
GS37147	362339
GS37147	361506
GS37147	362696
GS37147	314836
GS37147	304012
GS37147	288700
GS37147	288150
GS37147	298003
GS37147	303396
GS37147	299121
GS37147	287925
GS37147	361653
GS37147	306030
GS37147	311130
GS37147	295543
GS37147	306695
GS37147	290905
GS37147	29231
GS37147	317399
GS37147	362440
GS37147	314683
GS37147	292732
GS37147	361925
GS37147	295394
GS37147	297768
GS37147	289668
GS37147	295934
GS37147	360524
GS37147	363924
GS37147	289757
GS37147	363222
GS37147	296117
GS37147	304429
GS37147	311456
GS37147	289990
GS37147	361810
GS37147	293886
GS37147	309010
GS37147	291081
GS37147	315763
GS37147	310034
GS37147	301246
GS37147	362990
GS37147	315423
GS37147	313644
GS37147	304342
GS37147	362548
GS37147	305910
GS37147	360922
GS37147	310769
GS37147	290666
GS37147	316742
GS37147	360985
GS37147	362978
GS37147	306960
GS37147	298653
GS37147	307288
GS37147	291295
GS37147	302499
GS37147	287380
GS37147	306526
GS37147	298490
GS37147	306141
GS37147	298683
GS37147	315548
GS37147	362281
GS37147	311723
GS37147	308968
GS37147	288731
GS37147	362750
GS37147	287772
GS37147	306586
GS37147	315655
GS37147	307505
GS37147	362087
GS37147	309630
GS37147	367909
GS37147	297093
GS37147	406166
GS37147	292892
GS37147	498407
GS37147	301155
GS37147	361512
GS37147	619374
GS37147	317247
GS37147	501625
GS37147	360921
GS37147	501103
GS37147	679841
GS37147	116996
GS37147	502531
GS37147	641452
GS37147	298182
GS37147	394223
GS37152	25690
GS37152	24188
GS37152	24296
GS37152	24894
GS37152	24314
GS37152	24330
GS37152	25685
GS37152	25326
GS37152	24516
GS37152	24517
GS37152	24518
GS37152	29699
GS37152	24684
GS37152	24706
GS37152	140868
GS37152	29651
GS37152	50671
GS37152	64032
GS37152	298423
GS37152	311111
GS37152	294331
GS37152	293615
GS37152	299626
GS37152	306330
GS37152	311567
GS37152	114845
GS37165	54232
GS37165	24895
GS37165	58919
GS37165	85431
GS37165	246142
GS37166	24296
GS37166	24314
GS37166	24330
GS37166	25685
GS37166	25326
GS37166	24517
GS37166	24518
GS37166	29699
GS37166	24684
GS37166	24706
GS37166	140868
GS37166	29651
GS37166	299626
GS37168	54232
GS37168	24895
GS37168	58919
GS37168	85431
GS37168	246142
GS37170	24894
GS37170	24517
GS37170	50671
GS37170	294331
GS37173	24314
GS37173	25685
GS37173	25326
GS37173	24517
GS37173	29699
GS37173	64032
GS37173	298423
GS716	29464
GS716	79220
GS716	116598
GS716	312301
GS716	297096
GS716	312381
GS716	362361
GS716	362366
GS716	289883
GS716	362334
GS716	500069
GS717	312301
GS717	297096
GS717	312381
GS717	362359
GS717	362334
GS717	500054
GS718	24192
GS718	25159
GS718	29464
GS718	79215
GS718	116598
GS718	286921
GS718	296973
GS718	688705
GS718	362368
GS718	312301
GS718	297096
GS718	312225
GS718	296972
GS718	296966
GS718	362361
GS718	500054
GS719	312301
GS719	362336
GS719	296972
GS719	312381
GS720	24192
GS720	688705
GS720	362368
GS720	312301
GS720	297096
GS720	312225
GS720	297066
GS720	296972
GS720	296966
GS720	362361
GS74003	24520
GS74003	25263
GS74003	29456
GS74003	24583
GS74003	25725
GS74003	83783
GS74003	24806
GS74003	65136
GS74003	29141
GS74003	54323
GS74003	83839
GS74003	117560
GS74003	84384
GS74003	65262
GS74003	170841
GS74003	116597
GS74003	59315
GS74003	50864
GS74003	81818
GS74003	373065
GS74003	305420
GS74003	305955
GS74003	304343
GS74003	100910100
GS74016	25706
GS74016	25249
GS74016	25022
GS74016	25635
GS74016	29659
GS74016	170714
GS74016	114767
GS74016	116677
GS74016	81632
GS74016	313997
GS74016	307351
GS74016	307348
GS74016	303882
GS74016	288700
GS74016	306576
GS74016	309400
GS74016	288617
GS74016	291565
GS74016	117241
GS74016	681211
GS74017	25388
GS74017	24211
GS74017	24246
GS74017	50672
GS74017	29197
GS74017	50689
GS74017	24708
GS74017	24786
GS74017	24787
GS74017	85266
GS74017	170851
GS74017	81649
GS74017	84027
GS74017	81800
GS74017	63868
GS74017	81005
GS74018	25388
GS74018	24212
GS74018	24214
GS74018	25400
GS74018	29156
GS74018	25275
GS74018	24387
GS74018	25595
GS74018	29477
GS74018	84027
GS74018	29214
GS74019	25390
GS74019	25050
GS74019	29156
GS74019	25262
GS74019	29456
GS74019	25337
GS74019	24807
GS74019	29253
GS74019	79114
GS74019	81684
GS74019	246153
GS74019	50658
GS74019	296456
GS74020	25388
GS74020	24887
GS74020	25393
GS74020	25297
GS74020	25469
GS74020	29357
GS74020	24604
GS74020	24787
GS74020	85266
GS74020	81649
GS74020	83633
GS74020	81677
GS74020	79114
GS74020	65052
GS74020	266760
GS75564	24175
GS75564	24208
GS75564	54227
GS75564	24888
GS75564	294257
GS75564	313421
GS75564	25403
GS75564	25412
GS75564	25435
GS75564	24516
GS75564	29458
GS75564	25204
GS75564	24699
GS75564	24737
GS75564	50998
GS75564	65171
GS75564	64458
GS75564	50688
GS75564	83824
GS75564	84027
GS75564	113955
GS75564	64462
GS75564	29419
GS75564	83624
GS75564	65031
GS75564	192179
GS75564	83533
GS75564	114856
GS75564	84594
GS75564	81817
GS75564	171394
GS75564	171365
GS75564	84397
GS75564	116695
GS75564	79122
GS75564	171164
GS75564	85242
GS75564	246239
GS75564	29546
GS75564	286758
GS75564	246172
GS75564	259269
GS75564	266780
GS75564	300668
GS75564	361796
GS75564	300888
GS75564	290558
GS75564	362274
GS75564	300211
GS75564	360874
GS75564	308113
GS75564	297516
GS75564	303831
GS75564	297930
GS75564	361673
GS75567	24180
GS75567	24186
GS75567	25378
GS75567	24223
GS75567	24888
GS75567	25399
GS75567	24245
GS75567	25050
GS75567	25621
GS75567	24252
GS75567	24255
GS75567	294279
GS75567	25412
GS75567	25307
GS75567	500892
GS75567	25113
GS75567	24356
GS75567	25450
GS75567	25451
GS75567	24379
GS75567	24957
GS75567	24414
GS75567	25689
GS75567	24511
GS75567	29409
GS75567	29456
GS75567	25489
GS75567	25492
GS75567	25493
GS75567	25497
GS75567	252924
GS75567	25499
GS75567	25204
GS75567	24943
GS75567	29240
GS75567	24680
GS75567	24689
GS75567	24695
GS75567	25614
GS75567	360406
GS75567	24718
GS75567	25348
GS75567	25742
GS75567	29521
GS75567	24771
GS75567	25545
GS75567	25547
GS75567	24778
GS75567	25551
GS75567	25033
GS75567	29734
GS75567	498545
GS75567	25361
GS75567	29595
GS75567	29292
GS75567	56820
GS75567	58852
GS75567	58814
GS75567	60565
GS75567	29227
GS75567	58822
GS75567	29288
GS75567	64014
GS75567	58942
GS75567	84484
GS75567	140666
GS75567	29682
GS75567	83824
GS75567	84389
GS75567	298657
GS75567	81634
GS75567	114612
GS75567	84027
GS75567	94167
GS75567	81635
GS75567	117559
GS75567	117183
GS75567	84407
GS75567	85237
GS75567	246284
GS75567	50622
GS75567	192228
GS75567	170913
GS75567	84556
GS75567	114765
GS75567	81823
GS75567	64625
GS75567	116508
GS75567	170924
GS75567	60447
GS75567	81745
GS75567	83624
GS75567	363425
GS75567	252942
GS75567	192270
GS75567	60430
GS75567	192179
GS75567	81741
GS75567	64018
GS75567	117269
GS75567	84479
GS75567	117063
GS75567	81666
GS75567	114100
GS75567	117279
GS75567	89824
GS75567	64562
GS75567	117281
GS75567	60323
GS75567	78957
GS75567	116477
GS75567	64037
GS75567	171394
GS75567	83792
GS75567	64161
GS75567	84360
GS75567	29598
GS75567	29600
GS75567	140925
GS75567	79250
GS75567	60666
GS75567	89826
GS75567	117018
GS75567	84429
GS75567	29384
GS75567	65277
GS75567	66022
GS75567	117557
GS75567	60331
GS75567	171435
GS75567	94188
GS75567	85242
GS75567	84403
GS75567	259274
GS75567	246771
GS75567	317646
GS75567	29546
GS75567	171093
GS75567	266709
GS75567	246136
GS75567	50685
GS75567	360426
GS75567	266764
GS75567	306243
GS75567	305886
GS75567	291023
GS75567	296229
GS75567	117242
GS75567	170955
GS75567	294708
GS75567	310444
GS75567	308923
GS75567	408217
GS75567	315608
GS75567	295490
GS75567	300993
GS75567	363288
GS75567	296182
GS75567	297804
GS75567	363249
GS75567	360792
GS75567	301737
GS75567	303396
GS75567	310062
GS75567	292683
GS75567	361202
GS75567	360549
GS75567	361816
GS75567	361212
GS75567	306748
GS75567	310159
GS75567	307644
GS75567	299114
GS75567	361757
GS75567	297066
GS75567	304951
GS75567	287944
GS75567	314442
GS75567	299211
GS75567	306600
GS75567	311456
GS75567	298765
GS75567	310785
GS75567	309259
GS75567	311670
GS75567	362715
GS75567	305351
GS75567	303369
GS75567	313231
GS75567	287447
GS75567	366532
GS75567	293508
GS75567	361285
GS75567	313917
GS75567	361169
GS75567	299569
GS75567	313843
GS75567	293677
GS75567	362431
GS75567	498407
GS75567	499356
GS75567	302983
GS75567	497198
GS75567	652957
GS75567	652929
GS75568	24186
GS75568	64312
GS75568	54226
GS75568	24223
GS75568	25244
GS75568	29603
GS75568	25667
GS75568	25050
GS75568	24264
GS75568	25282
GS75568	24268
GS75568	25252
GS75568	24356
GS75568	314322
GS75568	25451
GS75568	24922
GS75568	24379
GS75568	24380
GS75568	25257
GS75568	25058
GS75568	25116
GS75568	25151
GS75568	54262
GS75568	246332
GS75568	29409
GS75568	25263
GS75568	29456
GS75568	29150
GS75568	25277
GS75568	24558
GS75568	25489
GS75568	29458
GS75568	25492
GS75568	25493
GS75568	25497
GS75568	25054
GS75568	24943
GS75568	25702
GS75568	24680
GS75568	29245
GS75568	24695
GS75568	29434
GS75568	25538
GS75568	295214
GS75568	25742
GS75568	29521
GS75568	25349
GS75568	25545
GS75568	29517
GS75568	25551
GS75568	29734
GS75568	29149
GS75568	24808
GS75568	29362
GS75568	25274
GS75568	29558
GS75568	29292
GS75568	29627
GS75568	56820
GS75568	58853
GS75568	29318
GS75568	29752
GS75568	60565
GS75568	29227
GS75568	29285
GS75568	58822
GS75568	56819
GS75568	29283
GS75568	29577
GS75568	29441
GS75568	64156
GS75568	29428
GS75568	64458
GS75568	58942
GS75568	65195
GS75568	65129
GS75568	65134
GS75568	84491
GS75568	29328
GS75568	29748
GS75568	63864
GS75568	84389
GS75568	78968
GS75568	29335
GS75568	84353
GS75568	65199
GS75568	85497
GS75568	56266
GS75568	29628
GS75568	140667
GS75568	116663
GS75568	94167
GS75568	64512
GS75568	81732
GS75568	27150
GS75568	81635
GS75568	117559
GS75568	117183
GS75568	84407
GS75568	246299
GS75568	81504
GS75568	246284
GS75568	50622
GS75568	64053
GS75568	79237
GS75568	171119
GS75568	83631
GS75568	29419
GS75568	314352
GS75568	84586
GS75568	116508
GS75568	170924
GS75568	192256
GS75568	117596
GS75568	81745
GS75568	83572
GS75568	363425
GS75568	116655
GS75568	81729
GS75568	60430
GS75568	155696
GS75568	84405
GS75568	116465
GS75568	50671
GS75568	84390
GS75568	63879
GS75568	59315
GS75568	81666
GS75568	64627
GS75568	117279
GS75568	64521
GS75568	60664
GS75568	116727
GS75568	89819
GS75568	60394
GS75568	116477
GS75568	64638
GS75568	28298
GS75568	53982
GS75568	64161
GS75568	84360
GS75568	64205
GS75568	117038
GS75568	171365
GS75568	29600
GS75568	81652
GS75568	116651
GS75568	60666
GS75568	89826
GS75568	116560
GS75568	114505
GS75568	64364
GS75568	361532
GS75568	65277
GS75568	117041
GS75568	60331
GS75568	171435
GS75568	114090
GS75568	171113
GS75568	84575
GS75568	79251
GS75568	64472
GS75568	63878
GS75568	114520
GS75568	286931
GS75568	286973
GS75568	282838
GS75568	171413
GS75568	282636
GS75568	282825
GS75568	29546
GS75568	259270
GS75568	266764
GS75568	245922
GS75568	353118
GS75568	60586
GS75568	282546
GS75568	296229
GS75568	171574
GS75568	170955
GS75568	294708
GS75568	295230
GS75568	298598
GS75568	288280
GS75568	361796
GS75568	315608
GS75568	293344
GS75568	295490
GS75568	300888
GS75568	308576
GS75568	300993
GS75568	304709
GS75568	292156
GS75568	295213
GS75568	360571
GS75568	296182
GS75568	297804
GS75568	307774
GS75568	363249
GS75568	362051
GS75568	362173
GS75568	360792
GS75568	360554
GS75568	365548
GS75568	364052
GS75568	291044
GS75568	298699
GS75568	303396
GS75568	303200
GS75568	361694
GS75568	362242
GS75568	360891
GS75568	307644
GS75568	362423
GS75568	287944
GS75568	307858
GS75568	300756
GS75568	312937
GS75568	306600
GS75568	362827
GS75568	311456
GS75568	287721
GS75568	361381
GS75568	293508
GS75568	361285
GS75568	307288
GS75568	361439
GS75568	362578
GS75568	296461
GS75568	297930
GS75568	289992
GS75568	360629
GS75568	289883
GS75568	361167
GS75568	499356
GS75568	652929
GS75568	361673
GS75568	100363484
GS75569	24153
GS75569	25406
GS75569	25254
GS75569	25024
GS75569	25655
GS75569	25023
GS75569	25269
GS75569	309622
GS75569	29737
GS75569	56820
GS75569	58853
GS75569	81613
GS75569	29272
GS75569	360272
GS75569	114246
GS75569	64508
GS75569	29177
GS75569	171109
GS75569	114856
GS75569	81803
GS75569	79124
GS75569	81747
GS75569	64862
GS75569	81813
GS75569	116669
GS75569	286994
GS75569	29546
GS75569	289211
GS75569	313210
GS75569	171552
GS75569	289372
GS75569	293451
GS75569	293854
GS75569	361084
GS75569	308291
GS75569	312647
GS75569	362456
GS75569	295669
GS75569	312275
GS75569	293654
GS75569	297480
GS75569	293997
GS75569	360772
GS75569	299357
GS75569	292892
GS75569	303242
GS75569	293847
GS75570	24159
GS75570	25403
GS75570	25151
GS75570	25466
GS75570	29362
GS75570	29591
GS75570	79431
GS75570	79558
GS75570	116465
GS75570	29547
GS75570	83581
GS75570	50645
GS75570	291133
GS75570	81657
GS75570	259269
GS75570	304709
GS75570	293783
GS75570	296655
GS75570	361628
GS75570	304917
GS75570	310801
GS75570	308708
GS75570	306586
GS75570	641528
GS75571	24153
GS75571	24159
GS75571	25244
GS75571	309628
GS75571	24239
GS75571	24246
GS75571	24264
GS75571	25620
GS75571	25024
GS75571	24426
GS75571	29510
GS75571	25516
GS75571	24968
GS75571	25269
GS75571	25565
GS75571	29737
GS75571	56820
GS75571	58853
GS75571	81613
GS75571	140666
GS75571	114246
GS75571	64508
GS75571	116697
GS75571	59109
GS75571	79558
GS75571	64023
GS75571	116681
GS75571	170668
GS75571	64018
GS75571	83505
GS75571	114856
GS75571	64544
GS75571	50864
GS75571	140608
GS75571	60666
GS75571	83684
GS75571	94196
GS75571	114090
GS75571	81813
GS75571	83514
GS75571	64803
GS75571	246245
GS75571	282817
GS75571	286932
GS75571	29546
GS75571	261736
GS75571	306243
GS75571	293451
GS75571	310935
GS75571	406196
GS75571	306860
GS75571	292008
GS75571	291044
GS75571	289076
GS75571	306014
GS75571	296350
GS75571	298982
GS75571	299357
GS75571	360629
GS75571	306253
GS75571	311191
GS75746	29464
GS75746	79220
GS75746	116598
GS75746	297096
GS75746	312331
GS75746	312381
GS75746	312251
GS75746	362366
GS75746	289883
GS75746	500069
GS75746	688848
GS75747	24192
GS75747	25159
GS75747	29464
GS75747	79220
GS75747	79215
GS75747	116598
GS75747	114487
GS75747	117557
GS75747	286921
GS75747	296973
GS75747	297096
GS75747	312331
GS75747	296972
GS75747	312381
GS75747	296966
GS75747	688848
GS75748	297096
GS75748	362359
GS75748	688848
GS75749	296972
GS75749	312381
GS75749	688848
GS75750	24192
GS75750	81742
GS75750	297096
GS75750	312331
GS75750	297066
GS75750	296972
GS75750	312381
GS75750	296966
GS75752	29290
GS75752	24191
GS75752	25293
GS75752	24888
GS75752	24245
GS75752	25073
GS75752	25669
GS75752	24330
GS75752	24380
GS75752	25205
GS75752	25469
GS75752	25701
GS75752	29358
GS75752	29431
GS75752	24681
GS75752	25652
GS75752	25049
GS75752	24766
GS75752	25550
GS75752	25125
GS75752	25558
GS75752	25716
GS75752	81812
GS75752	25358
GS75752	25232
GS75752	56759
GS75752	29689
GS75752	29753
GS75752	65158
GS75752	116470
GS75752	191575
GS75752	81736
GS75752	64680
GS75752	117282
GS75752	50686
GS75752	81802
GS75752	60661
GS75752	116635
GS75752	29598
GS75752	116554
GS75752	81647
GS75752	257648
GS75753	24176
GS75753	25592
GS75753	25388
GS75753	25390
GS75753	29144
GS75753	29154
GS75753	25248
GS75753	24483
GS75753	25662
GS75753	50689
GS75753	29431
GS75753	25513
GS75753	24708
GS75753	29483
GS75753	29627
GS75753	29253
GS75753	29560
GS75753	84050
GS75753	64678
GS75753	170851
GS75753	81649
GS75753	81736
GS75753	116590
GS75753	89808
GS75753	29598
GS75753	81800
GS75753	84016
GS75753	50658
GS75753	81005
